user,rating,date,review
Екатерина Подрабинюк,1,1740372569.208916,"Самый худший сервис за 32 000₽ в сутки!  Отель, который позиционирует себя как «люксовый», на деле оказался полным провалом.  При заселении сдали всю одежду на экспресс-стирку, так как приехали всего на 2 дня. Доплатили за срочность +50% к стоимости. Как итог – спустя 5,5 часов вещей просто нет.   Дозвониться до ресепшена удалось только через 20 минут. Объяснили, что у нас нет ни одной вещи, кроме гостиничного халата. Выйти на прогулку? Пойти на ужин? Невозможно.  Нам пообещали «срочно разобраться». Целый час «решали проблему» – и не решили ничего.   В итоге мы остались голодные, злые и просто заперты в номере. И за это «удовольствие» отдали 32 000 рублей за сутки.   Если не хотите оказаться в такой же ситуации – обходите этот отель стороной. Тип поездки Отпуск С группой С семьей Номера: 3 Сервис: 1 Местоположение: 5 Преимущества гостиницы Подходит для детей"
Eugene Lawrence,4,1735015769.208916,"Отправляли доярку в качестве премии за усердный труд с Хозяйства «Выдоим всё что можно и нельзя», сказала в целом неплохой санаторий для тружеников, единственно что компот был чуть подзабродивший. Хотя вероятно это был особый оттенок вкуса местного сорта винограда. Трудно сказать, но 4 звезды заслуженно дарим. Номера: 4 Сервис: 4 Местоположение: 4"
Дмитрий Дмитренко,2,1729745369.208916,"Впечатления от отдыха остались негативные, началось все при заезде, на ресепшене у работницы буд-то какой-то траур, визуального контакта с клиентом избегают, не приветствуют, встречают на недовольном лице (хотя во всех отелях и гостиницах ресепшен это лицо и именно они создают первое впечатление). Отдыхали в номере 1128 на первом этаже блок В, при звезде в номер обратили внимание на запах урины из туалета, в последствии тот самый туалет а именно сливной бачек ломался два раза (беспрерывно ночью текла вода, чтоб доставляло дискомфорт при попытке заснуть), в первый день вызвали сантехника все исправил, однако на второй день проблема повторилась и пришлось чинить уже самому. Мебель в номере достаточно изношена и уже кое где с повреждениями и потертостями. Сауны и Хамам не в рабочем состоянии должного жара и пара не было. Уборка в номерах посредственная, все в пыли так и осталось, все тот же запах урины как из общественного туалета так и никуда не ушел. Отель позиционирует себя как 5 звезд, однако этого не заметно, разве только визуал и ландшафтный дизайн территории отеля соответствуют. Желания возвращаться за такие деньги больше нет. За два дня отдыха было заплачено 47 000 рублей. Тип поездки Отпуск С группой Со своей парой Номера: 1 Сервис: 1 Местоположение: 5 Номера О номере описание выше Преимущества гостиницы Прекрасный вид"
Екатерина Жерноклюева,2,1740372569.208916,"Добрый день .Пишу отзыв ,дала еще не уехав .Мрия стала совсем не та ,уборки нет от слова совсем ,несколько раз приходилось просить шампунь и зубную пасту ,потому что забыли положить .Мне было плохо и я испачкала пастель ,потому что вырвало ,так на м двое не поменяли ее.От предыдущих гостей про въезде оставили огрызки от яблок и я специально не убирала ,думала на какой день после уборки нам его уберут ,но нет .Так же после уборки нам оставили чужой дезодорант -это просто ужас какой-то .Душевая грязная И когда я позвала после у орки горничную,она мне сказала ну одна щетка есть ,что вам не так ?А ты проживаем вдвоем .Подскажите за что мы платим деньги ,чтобы отдыхать вот так ?Можно и дешевле найти отель и отдыхать ,вроде тут хочется сервиса ,но увы …. Надеюсь мой отзыв окажется замеченным и руководство примет меры .Проживаем блок С номер 2502 Тип поездки Отпуск С группой С семьей Номера: 3 Сервис: 1 Местоположение: 5 Номера Добрый день .Пишу отзыв ,дала еще не уехав .Мрия стала совсем не та ,уборки нет от слова совсем ,несколько раз приходилось просить шампунь и зубную пасту ,потому что забыли положить .Мне было плохо и я испачкала пастель ,потому что вырвало ,так на м двое не поменяли ее.От предыдущих гостей про въезде оставили огрызки от яблок и я специально не убирала ,думала на какой день после уборки нам его уберут ,но нет .Так же после уборки нам оставили чужой дезодорант -это просто ужас какой-то .Душевая грязная И когда я позвала после у орки горничную,она мне сказала ну одна щетка есть ,что вам не так ?А ты проживаем вдвоем .Подскажите за что мы платим деньги ,чтобы отдыхать вот так ?Можно и дешевле найти отель и отдыхать ,вроде тут хочется сервиса ,но увы …. Надеюсь мой отзыв окажется замеченным и руководство примет меры .Проживаем блок С номер 2502 Преимущества гостиницы Прекрасный вид"
Елена Руденко,5,1737694169.208916,"Отдыхали в годовщину свадьбы 20.01.25.Спасибо за поздравление от отеля - украшен номер , цветы , шампанское, торт , очень приятно. Были первый раз, всё понравилось, обязательно вернёмся . Успехов вам и процветания Тип поездки Отпуск С группой Со своей парой Преимущества гостиницы Роскошный, Прекрасный вид, Романтичная атмосфера, Спокойная атмосфера"
Д Анастасия,5,1729745369.208916,"Я оставила очень негативный отзыв о пребывании в отеле, но команда из руководителя службы обратной связи Екатерины, менеджер ресторана Дарьи и менеджера бронирования ресторанов сделали все, чтобы за оставшиеся мои дни пребывание мой отзыв изменился из супер негативного в положительный. Всей команде спасибо за терпение и внимание и максимальные Ваши профессиональные качества. Я за эти дни с помощью Вас посмотрела весь отель и получила максимально положительные эмоции"
Elena Zayakina,5,1735015769.208916,"Была гостем на Гала Ужине от Сбербанка Море впечатлений и эмоций! Благодарю Мрию и Сбер за приглашение! Официант Елена (стол 28)  профессионал, таких сотрудников берегите! Спасибо всем организаторам! Тип поездки Бизнес С группой С друзьями Сервис: 5 Еда и напитки Все меню роскошное и достойное! Спасибо огромное за приглашение! Организаторам спасибо Преимущества гостиницы Роскошный"
Людмила Миннекарамова,5,1721796569.208916,"Отдыхали в Мрии в июне, уже в третий раз, полны приятных впечатлений и очень хочется вернуться снова! Прекрасный отель, природа, каждый уголок и метр земли возделан с любовью. Да, в этом году ремонт, закрыта песчаная зона, проход на окраину набережной, клумбы частично в процессе благоустройства, но это не испортило наше впечатление от отдыха. Еда вкусная, занятия спортом и плавание, прогулки по красивейшим местам, ароматы цветов, честно, ощущение райского сада. Ещё очень приятно смотреть на наших красивых российских людей-сотрудников отеля. Все максимально доброжелательны и отзывчивы. Ну и парящий мост,винная башня, чистый пляж( если только отдыхающие сами не насвинячат), роскошный бассейн, в котором можно купаться до 22.00 , чередуя плавание и спа( кедровая сауна,финская,хамам, ещё что то есть, но я туда не ходила). Также посещали жемчужные ванны,душ Виши. В общем наслаждение для души и тела! Тип поездки Отпуск С группой С семьей Номера: 4 Сервис: 5 Местоположение: 5 Безопасность Закрытая охраняемая территория, камеры на каждом шагу. Еда и напитки Вкусная еда в ресторане шведской линии. Утром фреш, шампанское, вечером вино . Преимущества гостиницы Роскошный, Прекрасный вид, Романтичная атмосфера, Спокойная атмосфера, Современные технологии"
Дмитрий Д,1,1724474969.208916,"А теперь немного про это местечко.  Не идеальное место, но что поделать. Посетить можно. Персонал правда там бездушный, но мне, как скуфу алкоголику все нравится в целом. Немного социофоб. Приезжаю отдохнуть один. Решил недавно посетить это место снова. Захожу в свой VK, ищу эту группу и барабанная дробь - я заблокирован. ""Оскорбление участников группы"" Начал думать ""А меня за шо?"" и зашел в историю переписок. Оказывается... В 2023 году эта компания спамила мне в личные сообщения НЕСКОЛЬКО РАЗ без моего согласия с предложением работы за 58.000 рублей и я спросил лишь их - 58000 - это для бомжей?) Что бы понять всю иронию ситуации - день отдыха у них находился в диапозоне 35-40 тысяч тогда, а мне, как клиенту их компании предложили поработать у них за 58 месяцов. Администратор группы обиделся и заблокировал своего постояльца :D В итоге поехал не к Вам, всего доброго обидчивые) Номера: 1 Сервис: 1 Местоположение: 1"
Анна Клюквина,1,1719204569.208916,"Я даже не знаю с чего начать . Решила написать отзыв в надежде помочь , таким же людям, которые столкнуться с таким УЖАСОМ. Сначала , не написала отзыв , пока выплакала все слёзы, сейчас поделюсь . Так же напишу официальные письма в генеральную прокуратуру,  в отделение ВОРДИ, уполномоченному по правам ребенка , на сайт президента. Эта ситуация ( в моём случае-трагедия ). Получил большой резонанс. 19 мая 2024 года . Я и 2 моих детей (11 лет ,5 лет ), находясь в санатории в Ялте , решили посетить ДРИМВУД парк, а так же прогуляться по японскому саду .  На стойке продажи билетов , я уточнила , есть ли скидкам детям -инвалидам. Нам предоставили скидку. У меня ребенок 5 лет  , передвигается в адаптированной коляске , не ходит , не стоит . Но жить без аттракционов не может . Он перенес 9 операций, я полностью всю себя посвящаю на его восстановление, но при этом в первую очередь-он ребенок ! Он заслуживает счастья и радость . Попав в ДРИМВУД парк , мы были приятно удивлены тем красотам, что открылись перед нами . На первом же аттракционе, я взяла его на руки (25кг на минуточку ). Отстояла добросовестно в очереди на аттракцион. Я никогда не говорю людям проступить . Мы в принципе не говорим слово -инвалид . Он человек с дополнительными потребностями . Минут 15 постояв, подошла наша очередь . Мне контролер сказал , поставить ребенка у ростомера . ( рост у него 130см, он очень крупный парень , проходит по росту всегда и везде . Я ответила молодому человеку , что он не может стоять , ходить . На что мне было сказано ( дословно ): инвалидам нельзя кататься нигде у нас! Как сильно плакал мой Степан , когда перед нами закрыли дверцу и пустили других людей . Сколько мы с ним проплакали, сказать трудно . От горькой боли и обиды -разрывалось сердце на части . Мы не уехали, только потому -что я не могу наказать старшего сына . И он везде катался, а мы просто гуляли и ждали его. Каждый раз ребенок , просился кататься . А что я должна ему сказать : что Тебя не пускают малыш, потому -что Ты не можешь стоять ? Я пошла искать старшего администратора. На что услышала тоже самое , что по технике безопасности не положено . Я предложила написать заявление, что несу полностью сама ответственность за жизнь и здоровье . Никаких претензий не имею . Мне отказали . Спустя минут 20 моей мольбы - выпросила 2 аттракциона ! 2!!! Вымолила можно сказать. Мы на такси потратили 3000 р. Оставили там море слез , нервов и за что это нам? Уважаемые руководители отеля . Напишите у себя на сайте БОЛЬШИМИ буквами ! Если Ты инвалид -Тебе нельзя . То есть ! Видя розовую справку, взять деньги за билет -ок . А кататься нельзя . Вы что там ? Все вменяемые ? Весь мир борется , чтобы все были толерантные . Везде обязывают делать доступную среду . А Вы дискриминируете людей !!!!! Это не гуманно . Это бесчеловечно. Это ПОЗОР. Ниже . Я прикреплю фото своего ребенка . Его грусть , а так же как он выглядит во весь рост . Он абсолютно нормальный мальчик . На следующий день , я сняла им катер , они занимались дайвингом , на руках подняла его по канатной дороге . И везде были приветливые , понимающие люди . У меня от Вас не просто камень на душе, а целая скала . Тип поездки Отпуск С группой С семьей Номера: 1 Сервис: 1 Местоположение: 1"
pupok 303,5,1732423769.208916,"Лучший отель!!!! Почему люди жалуются, все идеально!! Цены все оправдывают!! Отличный отель ) Точно приеду туда снова ) Номера: 5 Сервис: 5 Местоположение: 5"
Кристина Кит,1,1719204569.208916,"Тихий ужас.. 28.04.24 была с семьёй как косплеер на фестивале сакуры. Персонал относился халатно, при просмотре дефиле просто проехали возле сцены. Еду у родителей оставили, мне сказали отдать родителям или персоналу(на тот момент я уже была в косплее). За билет 1200(детский) и 1800(взрослый) я не нашла ничего достаточно хорошего что входило в билет. Знаю что это была коллаборация мрии и уме феста, но вывозили лишь орги уме феста. Тип поездки Отпуск С группой С семьей Номера: 1 Сервис: 1 Местоположение: 2"
Алсу Садыкова,1,1713934169.208916,"Были сегодня 21.04.24 из хорошего только красивая местность… Работает максимально некомпетентный персонал, которой не умеет корректно доставлять информацию до гостей , изначально говорят одно и одну сумму, а по факту получаем услугу дороже и на большее количество времени , за которую после предоставления просят доплатить( брали экскурсию по винодельне на 40 минут, в которой мы по итогу пропали на 1,5 часа). Очень много ремонтный работ на территории , что портит впечатление ( об этом необходимо предупреждать). В связи с всем вышеперечисленными неудобствами , доставленными нам, полетели все планы, наша дальнейшая точка был Новороссийск , куда мы , к сожалению, теперь приедем к НОЧИ!  Кратко говоря это распиаренное место, которое не оправдывает ожидания…  Прошу провести обучающие тренинги для персонала и донести им, что они работают, чтобы доставлять удовольствие гостям, а не портить им отдых… Тип поездки Отпуск С группой С друзьями Сервис: 1"
Игорь,1,1711255769.208916,"Находились на отдыхе  в феврале. У них был ремонт, с утра до вечера работала  дрель.  Это ни один отель себе 5* не позволяет. Говорят  у них в мае обновление  номеров,  так тогда нужно отель закрывать. А то приехали слушать перфоратор!!! Всё  в отеле направлено на выкачивание денег-настольный теннис  500руб  за час, винная башня подъем  1700руб с чел. Уборка номеров  идет целый день,  не дождешься когда уберут,  приходилось идти на ресепшн и ругаться. Это  не уровень 5* отеля, твердая 4*. Денег своих  однозначно не стоит!!И ещё  полно  не воспитанных детей!! Развлечения  слабые!!! Один пиар!!! Тип поездки Отпуск С группой Со своей парой Номера: 2 Сервис: 1 Местоположение: 3"
Марина Голофтеева,5,1711255769.208916,"Очень классный! Особенно понравилась территория - за цену проживания можно делать очень много чего, можно хоть вообще из отеля не выезжать)) Для детей парк развлечений просто очень классный, территория ОГРОМНАЯ! Винный парк с арт-объектами, японский сад в самое сердечко (фотографий наделала на целый год вперед). Еда просто мегавкусная! А если надоело на шведской линии - много разных ресторанов на территории Всячески рекомендую!!! Тип поездки Бизнес С группой С семьей Номера: 5 Сервис: 5 Местоположение: 5 Номера Очень комфортные и уютные, у нас был с видом на горы Развлечения поблизости Прямо на территории несколько тематических парков, развлечения на пляже, если хочешь куда-то поехать на экскурсию - организуют прямо в отеле, хочешь в поход - пожалуйста, сводят. Еда и напитки Очень разнообразно, много, вкусно! Интересные подробности Сотрудники невероятно любезные и заботливые Преимущества гостиницы Роскошный, Прекрасный вид, Подходит для детей, Современные технологии"
Дмитрий Сидоров,3,1711255769.208916,"Очень красиво, продуманный ландшафтный дизайн, дорого-богато ) на этом все ! Максимум 3 звезды , слабый менеджмент персонала , нет клиентоориентированности совсем, оставляют гостя  на едине с проблемами  и заботами, навязывают услуги за баснословные деньги - причем не нужные!  Сервис это просто ужас , работает по принципу ободрать все равно больше не приедут ! Про обученость персонала я вообще молчу -  компетентных сотрудников я встретил только на карклабах , ресепшен и мед центре , остальное ужас! И не вздумайте деньги на депозит класть так как будете долго искать где потратить ,когда говоришь фразу оплата депозитом так отношение как второсортному и сразу может наличка есть. Проживал неделю, последние 3 дня маялся хотел уехать но номер проплачен! Да и если обгорите и не сможете выйти из номера Вас не покормят и принести нельзя с ресторана еды даже за деньги! Магазины на первом они на аутсерсе и отношения к комплексу не имеют! Жаль потраченных денег и времени , а топам из отеля нужно прививать эмпатию либо хотяб понятие клиентоцентричность! Второй раз не приеду пока не поменяется подход к гостям Номера: 3 Сервис: 2 Местоположение: 4"
Valenti V,5,1648097369.208916,"Немного забавно, то отпуск моего супруга совпал именно с локдауном.  Мы уже 3 месяца назад начали планировать свою поездку в Крым. Вакцинировались, докупили необходимые вещи, я даже с тренером занималась в зале, чтобы потом в купальнике выглядеть эффектнее. Заехали мы в Мрию резорт 30 октября, солнышко светило, народу понаехало вместе с нами тоже прилично) Еще по дороге из аэропорта уже красивые картинки мелькать начали…море, горы…горы…зелень. Октябрь немного уже холодноват по  моим ощущениям для пляжного отдыха, но на территории был большой подогреваемый бассейн, в котором долго вода остается теплой и можно комфортно плавать. На шведском столе еда была вкусная, завтракали только в нем. Днем нас обычно в отеле не было, уезжали на очень интересные экскурсии по окрестностям, которые здесь же и предлагают. Возвращались часов в 5 вечера. Ужинали в разных местах всегда, хотелось попробовать разные блюда по максимуму. Любителям паназиатской кухни рекомендую обязательно в Мандарин заглянуть. Еще побывали в новом винном парке. Ну как новом, он уже примерно полгода работает, поймали чудесный закат на стекленном мостике. Отель отличный, у кого возможность позволяет здесь отдохнуть-обязательно стоит приехать Тип поездки Отпуск Номера: 5 Сервис: 5 Местоположение: 5"
Алена Ковалева,2,1711255769.208916,"Всем доброго времени суток. Хочу поделиться впечатлениями от  услуги отеля ""день мечты"" . Сразу скажу что природа и ландшафт отеля на 10 из 5. Атмосфера потрясающая!!! Погода 11 октября была солнечной и безветренной. По приезду мне выдали браслет и буклет со скидками на услуги отеля. Браслет не сработал сразу при выходе из велком центра на проходе через турникет. О чём я сразу сказала девушке, но она пропустила меня по своему пропуску и сказала что всё в порядке. Далее мы гуляли по набережной и, купив в кафе напитки, спокойно расплатились депозитом с браслета. Прогулка по территории нам очень понравилась. Вокруг живописные виды и продуманная до мелочей эргономика пространства. Персонал хорошо обучен и действительно старается во всем тебе помочь. Отдельное спасибо Ивану со стойки ресепшн главного здания и девушкам со спа центра. НО браслет не сработал при оплате в ресторане соль и перец, ресторане L'OLIVO и чайном домике. Каждый раз меня искали минут 10-15 по ФИО. Перебирая всех однофамильцев.  Я была максимально спокойна, НО сотрудники отеля знают о ситуации, и ничего не делают для её исправления. Ещё одним БОЛЬШИМ минусом стал тот факт, что при приготовлении блюд используется много соли. Не всем посетителям подойдёт кухня данного отеля, особенно, если по медицинским показаниям вы придерживаетесь бессолевой диеты. В целом отель однозначно стоит посетить. Только помните о нюансах ;) Хочу дополнить свой отзыв после посещения за отдельную плату локации Дримвуд. На входе при покупке билетов девушки предупреждают что сейчас закрыта водная часть аттракционов. ПО ФАКТУ РАБОТАЕТ ВСЕГО 5 АТТРАКЦИОНОВ. Причем в веревочном парке работает только скучная семейная часть, которая предназначена для самых маленьких. Мини гольф тоже не работает и причину мне никто сказать не смог.... В общем не советую! Тип поездки Отпуск С группой С семьей Сервис: 3 Местоположение: 5 Еда и напитки С едой надо быть аккуратнее. Преимущества гостиницы Роскошный, Прекрасный вид, Романтичная атмосфера, Спокойная атмосфера, Современные технологии"
Hyunjin khao,2,1742186969.208916,"Всё нормально, но цена.. оно не стоит этого Тип поездки Отпуск С группой В одиночку Номера: 3 Сервис: 2 Местоположение: 4 Преимущества гостиницы Роскошный, Прекрасный вид, Спокойная атмосфера"
Ксения Ковалева,3,1727153369.208916,"Территорию можно обойти за день,звук перфоратора и разных строительных машин.Сервис нам понравился,местоположение хорошее. Тип поездки Отпуск С группой С семьей Номера: 5 Сервис: 5 Местоположение: 5 Преимущества гостиницы Прекрасный вид, Спокойная атмосфера, Подходит для детей, Современные технологии"
Катерина Горшенина,3,1711255769.208916,"Из плюсов - красивая ухоженная территория. На этом всё .  Из пяти туалетов на ресепшене работает всего один , на вопрос почему , ответ «ну не работают» . При том что на ресепшене всегда очень много людей и очередь в туалет тоже всегда.  Для того , чтобы пройти из японского садика вниз к морю - нужно дополнительно заплатить, о чем не было предупреждено изначально .  Общение сотрудников -точно не про клиентоориентированность ."
Artur Hu yev,1,1711255769.208916,"Первое впечатление (и последнее): 1 ноября заехал на КПП на своей машине бмв Х7. Спонтанно решил заселиться ( 2 ноября встреча с застройщиками). Пошел на рецепцию,  уже должен был уплатить 212000 за двухместый номер и!!!! Брелок ключей машины кричит!  Побежал к машине и увидел : 5-6 пьяных зверей танцевали лезгинку у меня на крыше и капоте!!!!! На мои крики не реагировали, охрана отеля сказала срочно уезжать потому что гуляет охрана Кадырова!!!!!!!! Мы крымчане уже нелюди в РФ????? Вызвал полицию - тоже посоветовали уезжать. Заявление не приняли. В Симферополе не на оффициале насчитали ремонта на миллион 600 тысяч!!!!! Только на рихтовку!!!!!! Крик души просто Номера: 1 Сервис: 1 Местоположение: 1"
Ольга Смелая,5,1711255769.208916,"Лучший отель для семейного отдыха. И не только для проживания, но и для посещения локаций на 1 день. Каждый месяц по 3-4 мероприятия, самый движовый отель в Крыму. Спасибо от местных жителей! Номера: 5 Сервис: 5 Местоположение: 5"
Юлия Дзюба,5,1713934169.208916,"Отличное место для отдыха со всей семьей. Масса развлечений как на территории отеля так и за ее пределами. Персонал максимально вежлив и услужлив, разнообразное питание, спа зона на высоте,  нет ни одного негативного впечатления, заряд сил и энергии на весь год а впечатлений на всю жизнь Номера: 5 Сервис: 5 Местоположение: 5"
Милана,3,1735015769.208916,"Были детские мастер классы, мои дети пришли, а там сидят кобылины, взрослые Тип поездки Отпуск С группой С семьей Номера: 4 Сервис: 3 Местоположение: 2 Преимущества гостиницы Подходит для детей"
Евгения Александрова,5,1616561369.208916,"Отличный отель! Отдыхали в 2021 году. Всë очень понравилось. Вкусная и разнообразная кухня. Каждый сможет найти еду по своему вкусу. Вежливый персонал, всегда помогут.  Суперский интерьер. Очень понравился японский сад. Дети в восторге от парке развлечений Дримвуд. Отдельное спасибо хочу сказать аниматорам., а именно : Даниилу, Марии, двум Лизочкам и Полине. Дети были заняты весь день. Интересные Мастер-класс ы, а  настольный игры понравились и мне. Всему персоналу огромное спасибо! Тип поездки Отпуск Номера: 5 Сервис: 5 Местоположение: 5"
Yulia Dumann,4,1648097369.208916,"В этом году больше всего расстроило бесконечное закрытие общих зон на персональные праздники.выглядит как неуважение к другим гостям.по сравнению с предыдущими годами минусы: убрали большую песчаную зону на пляже, убрали услугу стирки детских вещей по весу,нет питьевой воды на территории, нет пиццы на шведской линии, убрали коктейль и некоторые услуги из санаторных, много услуг сделали платными, сильная нехватка каров. Плюсы: появилась детская водная зона на пляже, новый классный парк открыли. Объективно лучший в мире детский отель, где устроен не только детский отдых,но и уход для их родителей. Тому, кто там был, не нужно объяснять почему так дорого. Без детей ехать сюда не стоит - не окупается. Пока есть куда улучшаться, особенно в мелочах. Не очень гибкий менеджмент, много проблем при бронировании и решении мелких проблем на месте. Простой пример - корм для рыбок продают не там где их кормят, а в сувенирной лавке куда в горку по лестнице тащиться минут 10. Вот досадная мелочь, а не исправляют 3й год, хотя прям рядом с прудом стоит сотрудник сада, который рассказывает об экскурсиях(естественно никто его не слушает, лучше бы корм рыбам продавал). Спасибо, что наконец стали выдавать полотенца в водной зоне дримвуда. Не очень понравилась тенденция этого года брать деньги за то, что раньше было бесплатно. А что было платно сделать в 6 раз дороже(бунгало, например)"
Екатерина Горбачева,5,1648097369.208916,"Ну ооочень дорогой отель. Если сравнивать с Турцией/ Египтом то обычная 5*. Номера просторные, ванная комната на 2 персоны сразу, точнее раковины 2, в номере тв (2 суток настраивали), холодильник (мини бар платный), чайная станция (пополняют каждый день), вода сколько хочешь, для ребёнка добавили кровать, вечерами конфетки приносили, в ванной комнате халат, полотенца 2 для тела, 2 для рук (и это только для 1 человека, на 2 тоже такой же набор общее количество полотенец штук 10-12), зубной набор, расчёска, все мыльные принадлежности + мочалка, шапочка, бритва= короче есть все, Фен. Сам отель 6ти этажный + м (рестик, бассейн) + граунд с детским клубом и ночным. 2 лепестка отеля это номерной фонд, 3 конференц холл и 4 мед центр. Винный парк (оч большой есть экскурсии), японский сад (экскурсия 2тыщ), дримвуд (для детей и не только бесплатный для проживающих) очень суперский парк, большой несколько аттракционов и мастер классы. Ресторан Азур - основной 3х разовое питание шведский стол, утром бокал шампанского, вечером бокал вина. Еда разнообразная рыба, баранина, утка, свинина, говядина, индейка, курица, овощи, фрукты сезонные, сладости, детокс меню. Остальные платные - оливио, мандарин, чёрное море. Мы были с 21 ноября - 4 декабря. Питание за 5 дней до выезда изменилось в худшую сторону, видимо связано с количеством приехавших в отель. Не знаю как они справляются в сезон ( место не хватает в рестике, народ толпится у всех блюд). Снимаю балл именно за это.. В бассейне таже песня, если хочешь реально поплавать (а не побултыхаться в хлорке) то приходить до 8 утра или после 9 вечера. Открытый бассейн с подогревом Супер под солнышком очень круто, наслаждались теплом. Пляж крупная галька. Мы в отеле были мало, катались по полуострову. Очень понравился Крым!!! С удовольствием приеду снова, но уже с мед процедурами."
Роман Бабич,5,1648097369.208916,"Отдыхаем здесь впервые. Ранее слышал, что здесь очень хорошо. Тут как в сказке. Номер себе брали ""семейный люкс"" - шикарный. Обслуживание на самом высоком уровне. Стоит только сказать и это тут же сделают. Потрясающий Японский сад. Сложно описать словами масштабность и красоту. Это нужно видеть. Очень хороший детский парк Дримвуд с развлечения. Дополнительно не нужно платить. Кататься можно на атракционах хоть целый день. Рядом с отелем виноградники с дигустационнымм комнатами. Для каждого сорта винограда привезен специально свой грунт. Кактусовый сад. Парящий мост с видом на море и Мрию. Номерной фонд от семейных до президентских, императорских вилл с вертолетной площадкой, теннисными кортами, гольф площадки. Дайвинг клуб, подводный парк, амфитеатр, водопад, фруктовый сад, термальный комплекс. Детский развлекательный клуб Метрополис с потрясающей анимацией. Институт активной жизни, салон красоты Mriya beauty &  tyle, открытый и закрый бассейн, шикарный спорт зал, йога парк, бальнеологический комплекс где можно пить минеральную воду, лечиться грязями. 26 ресторанов и кафе. Крытая парковка. Можно оставить ключи и швейцар подаст автомобиль к назначенному времени. Еда вкуснейшая, разнообразие. С первых дней мидии в винном соусе, баранина, крольчатина, свинина, разнообразие сыров, орехов, десертов, пасты, пельмени, фрукты всевозможные, овощи, свежевыжатые соки. В номере халаты, тапочки всем, в том числе и дочке 4 годика. Набор качественных шампуней, гелей. Если в раю так, то я согласен.  Из недостатков: * В номере ""семейный люкс"" не работала горячая вода. Звонил просил починить. Сразу пришли и решили вопрос. * В номере две комнаты. В каждой свой телевизор в строке в стеклянную горизонтальную панель на всю стену. Так вот в спальне телевизор в панели не напротив кровати, а на 1.5 метра правее к окну, как то неудобно сделано. Судя по всему идея была, чтобы под стеклом было два телевизора рядом. * Выключатели все наоборот установлен - выключение ни как у нас русских вниз, а вверх. Постоянно путаешь. * В гостиной туалет имеет раздвижную дверь, которая болтается и чтобы изнутри закрыться нужно шатать дверь, чтобы закрылся замок. Не очень удобно. А вообще идея с раздвижной дверью удобная. Просто нужно дверь отрегулировать и смазать/заменить ролики, чтобы скользила хорошо.  Сюрпризы: У сына и супруги день рождения как раз в дни отдыха в отеле. Сыну принесли торт с надписью ""С днем рождения"", кувшин с соком и сертификат на развлечение в 3D очках при спуске на паровозике в парке Дримвуд. Очень приятно. Супруге принесли торт с надписью ""С днём рождения"", бутылку хорошего шампанского и сертификат со скидками на товары и услуги Мрия"
Маша Иванова,4,1648097369.208916,"Очень большая и красивая территория. Для детей есть Дриммвуд. Есть закрытый бассейн и два открытых. Много гамачков, лежаночек и скамеечек, где  одно отдохнуть в тени. Во время нашего отдыха, открыли винный парк. Побывали на башне, стоимость 1500р на человека. Просто подняться на башню и посмотреть вниз). Ванная комната стеклянная.. Многие гости несколько смущались, если в номере проживали дети. Окна из номера выходили на стройку и вертолетную площадку. При открытом балконе очень шумно. Рядом вип виллы.. Наверно им тоже шумновато). Наша путёвка была с лечением... Базовая программа ни о чем.. Мой комплект назывался Здоровые суставы. В программу входили три процедуры лазера, три обёртывания грязью и ванночки с хвойными экстрактом. Лазер и грязь только колени или тазобедренный сустав. Если хочешь больше процедур или другие зоны, то за отдельные деньги. Есть косметические процедуры. Оплачивается отдельно, цены как в Москве. Аппаратура и препараты качественные, косметолог квалифицированный. В целом отдохнули очень не плохо, даже с учётом перечисленных минусов. Что очень расстоило и не соответствует 5 звездам, так это уборка номеров. На сайте указано, что заселение в 14.00, по факты мы в номере оказались в 17.00. И отдельная тема экскурсии.. Стоимость порядка 3-4 тыс на человека. Мы были в Севастополе... Просто жалко выброшеных денег... Экскурсовод не мог двух слов связать. Экскурсия в Воронцовский и Ливадийский дворец понравилась больше. По ценам в отеле и ресторанах и магазинах при отеле уже все написали, завышены и сильно."
Maxim Shiroglazov,4,1648097369.208916,"Шикарный отель. Всё направлено на полный отдых человека. Но зимой там делать нечего. Парк развлечений почти не работает, только несколько аттракционов. Не советую ходить в купель японского парка - гарантирована простуда 100% . Сама вода холодная в купели и переодеваешься практически на улице,но это полбеды, главное одеваешься там же мокрый и замерзший. В итоге с простудой уехал домой. Всё претензии работники отеля проигнорировали. Выселение в 12 часов,так что вас обедом не покормят,хотя вы заезжали  вечером,пропустив этот обед. Питание шикарное,если не сказать больше,такое многообразие и качество продуктов можно увидеть только в следующий раз при посещении Мрия. Жаль картофельного пюре бывает не часто. Не работал и бассейн с подогревом. Не работал эскалатор с моря. Хотя это наоборот полезно. Больше ходишь пешком. Очень дорогие вина в отеле. Менеджмент хромает. Сделайте дешевле и продадите гораздо больше. Но нет - 3000 за бутылку вина и никто практически не берет!!! Нет лёгких алкогольных напитков,это большое упущение - человек приехал отдыхать, а не думать ,где же ему купить пару литров пива,тем более ближайшие магазины не в шаговой доступности. Советую сразу брать машину на прокат,все проблемы уйдут,сразу в аэропорту,я нашёл на авито - RedLine Car Rental - самые дешёвые авто и без залога и ограничения пробега. Винный парк это конечно нечто,красота и масштаб завораживает. Но посетить его за 3000 или 3500 рублей - это не каждому по карману. Свое вино,как они говорят, нулевой километр,должно быть дешовым. Но и походить по многочисленным дорожкам и паркам очень впечатляет. Зимой моря вообще не будет, только бросить монетку. С собой берите минимум вещей. В номере есть ВСЕ!!! Живая музыка почти целый день, прекрасное исполнение современных песен. Солистка вообще завораживает своим голосом,тембром и амплитудой. Большой талант,да и про остальных участников джаз банды не скажешь меньшего. Клавишные суперские, да и ударные и басгитара. Парень темнокожий-ни на кого не похожий-харизма и голос! Электрокары спасут вас в любую погоду - увезут и привезут. Вылечусь от простуды,может ещё напишу что нибудь. Купель не советую, в ней вам никто не поможет,там про вас вообще забудут,деньги то уплачены ,а остальное ваше дело. 2500 минимум будет заработать простуду,при чем заранее вам не скажут,что вы будете раздеваться и одеваться на улице в 3 градуса,если повезет,и ветром в 30 метров в секунду."
Юлия Уманец,5,1616561369.208916,"Шикарный отель! Три летних сезона отдыхаем в этом отеле всей семьей! Вы лучшие, на следующий год только к Вам! Потрясающие виды, уютная атмосфера, шикарный вежливый персонал! Огромная территория и с каждым годом она увеличивается и улучшается! Очень классные ребята-аниматоры , особенно заводные и создающие отличное настроение Илья, Даниил и Макс,  из детской анимации шикарная и очаровательная Полина, дети ее обожают) Очень классный детский лагерь, ребенка не вытащить! Шикарные вечерние детские дискотеки и потрясающие шоу для взрослых! Вкусная разнообразная еда , японский сад великолепен! Огромный выбор мест куда можно сходить и провести время в удовольствие! Тип поездки Отпуск Номера: 5 Сервис: 5 Местоположение: 5"
Алексей Щавин,5,1553402969.208916,"Добрый день всем.Отдыхали в Мрии с семьей в новогодние праздники.Всё очень понравилось. Естественно сам отель-сказка,в России,наверное, лучший. Отзывчивый,вежливый персонал. Большие номера. Чистота и порядок везде. Замечательный детский парк Дрим-вуд,где могут развлекаться как дети,так и взрослые. Особенно порадовали горячие источники под открытым небом с температурой воды 38-43°!,а также бассейн с подогревом и шикарным видом на море и горы! Шведский стол отличный, блюда на любой вкус (единственное замечание-мало супов). Детям очень понравился развлекательный центр Метрополис. Но есть и определенные недостатки: 1.Номер имеет недостаточную освещенность; 2. При совместном проживании в номере с ребенком не удобно пользоваться санузлом,который отделен от комнаты стеклянной перегородкой. Также неудобны стеклянные двери в туалет и душ,которые не имеют ограничителей,постоянно открываются и не имеют ни какой шумоизоляции. 3. Тепло поддерживается кондиционером,который сильно шумит при включении и ночью постоянно будит своими срабатываниями. Температура в номере из-за этого постоянно меняется. 4. Хочется также отметить,что нам долго не могли пояснить как можно зарезервировать столик на выступление артистов в концертном зале отеля.Со стойки работы с гостями отправили на ресепшен,а оттуда обратно.Кроме этого,в новогоднюю ночь,как и в любые другие дни,оказалось, можно бесплатно посещать все залы,где проходили концерты , смотреть представления и выступления артистов,не бронируя столы. Большинство отдыхающих об этом не знали и отмечали Новый год в своих номерах,как и мы."
Nataliya Nazarova,5,1585025369.208916,"Отдыхаем сейчас в отеле! Все на высшем уровне! Шикарная территория! Кухня великолепная! Широкая развлекательная программа для детей и взрослых! Большой чистый пляж, жаль с погодой не повезло, море прохладное и не помешал бы бассейн с морской водой в отеле! Сейчас ведётся стройка сыроварни и винодельни, поэтому просыпаемся не под ""звуки поцелуев""))), а стуки, скрипы! Вообще очень понравился отель, круглый год здесь будет интересно и приятно отдыхать! Спасибо персоналу и особенно работникам ресторана, кот. терпеливо обслуживают задержавшихся на обеде отдыхающих!"
Мария Эйснер,5,1585025369.208916,"Прекрасный отель. Очень грамотная, удобная, красивая, пейзажная территория. Уютные парки: Японский парк, с его природой, купелями и чайной церемонией. Парк Дримвуд для детей. Совершенно безопасный, но если будете отпускать ребёнка одного, знайте, что не везде его пустят из за правил парка. Первый раз лучше идти с ним. Большой бассейн, спортивные площадки, места для чтения и отдыха в виде гамаков и  качелей. Прекрасная шведская линия, вкусные и необычные меню в ресторанах, живое пение джаз в лобби баре ( пятница, воскресенье с 19 00). Не понравился спа. Не знаю как процедуры не пользовалась  Именно спа как территория отдыха, бани, бассейн. Все в разных местах, большое, непонятно работающее. Хороший развлекательный центр, кинотеатр и вечерний клуб. Правда от туда ушли, так как музыка не очень и не хватает ведущего и какой то движухи. Много развлечений для детей и взрослых: спортивные секции, мероприятия, мастер-классы и экскурсии.  Номера просторные, вид из окна был отличный. Прекрасный фруктовый сад и виноградники должны заоодиться  в скором времени и открыться ресторан- винотека. Отдыхая в таком отеле ты видишь Крым с другой стороны. Но там дорого."
Виктория Казакова,5,1648097369.208916,"Отличное место для семейного отдыха. Огромная ухоженная территория отеля включает Японский сад, винный парк, детский парк Дримвуд. Были здесь два года назад, казалось, что лучше и быть не может. Но в этом году территория стала ещё красивее, появились новые места для прогулок и отдыха. Замечательные аниматоры делают отдых насыщенным и интересным. Номера чистые, еда в ресторане очень вкусная. Для детей много развлечений: парк аттракционов, водные горки, анимация. Спасибо большое за отличный сервис! Тип поездки Отпуск Номера: 5 Сервис: 5 Местоположение: 5"
Nikita Agapov,5,1585025369.208916,"Отличный отдых для всей семьи. Великолепная территория, масса развлечений в самом отеле. Вкусное и разнообразное меню. Очень приветливый персонал и прекрасный сервис. Однозначно рекомендую.  Из минусов можно отметить: - специфический номер(у нас был делюкс) - ванная комната не изолирована от номера: двери только у душевой секции и туалета. Причем двери сами стеклянные, матовые только в нижней части. Вентиляция ванной не всегда справлялась с неприятными запахами, иногда пахло канализацией. Дальше прихожей запах не распространялся. Освежителя для воздуха не было. Плохая гидроизоляция душа - на пол за дверь начинала вытекать вода. Решали подкладыванием полотенца для ног. - проблема с лежаками под тентом. Администрация отеля самоустранилась от решения проблемы с массовым ""занятием"" лежаков. Если прийти на пляж в ~9 утра, то все места под тентом будут ""забиты"" полотенцами при том что людей может не быть на пляже до 11+. При раннем выезде из гостиницы решили напоследок искупаться в море и были там в 7-45 и стали свидетелями картины, как пара человек с охапкой полотенец пришли на пляж и заняли большинство лежаков под тентами и благополучно пошли обратно в отель. Считаю, что такая ситуация недопустима для 5* отеля и администрация должна заняться ее решением, а не перекладывать это на самих отдыхающих и провоцировать конфликтные ситуации там, где люди приехали отдыхать и расслябляться. Должны быть четкие правила и нормы поведения и контроль над их соблюдением."
Н Н,5,1585025369.208916,"Дизайн отличный, высокое качество материалов отделки; вежливый персонал;  уборка номеров не лучшая,  номера не свежие: пятна на ковролине, сколы на столешницах, на прикроватных  тумбочках и на столешнице под тв пятна;  ужасные мягкие матрасы на кроватях; шведский стол уступает другим отелям Крыма, например таким как Пальмира Палас, мало готовых блюд, кухня не напряглась даже почистить и нарезать фрукты(хотя ,  отель скорее всего так экономит деньги, выкладывая одни и те же яблоки, киви по несколько дней, а может  плохо работает служба снабжения), даже салатов нормальных нет(все как будто на скорую руку),  из десертов куча каких-то мелких желешек, мало готовых, но при всем этом качество закупаемых продуктов отличное, не уступает Интуристу. сложилось впечатление, что качество работы кухни и службы, которая занимается уборкой номеров, не особо контролируют.Территория ухожена, не пылинки. Почему-то не работал два дня Дримвуд, хотя температура была выше +5. В целом отэль достойный,  если на мелочи закрывать глаза"
Liubov Н,5,1616561369.208916,"Классно. Стильный ресэп. Самая красивая территория отеля (из тех, что мы видели). Впечатлил японский сад. Ребёнок в восторге от Дримвуда. Когда мы отдыхали были ещё закрыты виноградники и кафе с водной террасой. Питание норм. Все вкусно. Правда, многое готовится из замороженных продуктов. Есть детский стол. Есть стол детокс. В общем, ещё поедем. Единственный минус- наши отдыхающие."
Полина Лаппо,5,1616561369.208916,"Это самый лучший отель Крыма. Место, где действительно можно отдыхать, релаксировать и развлекаться всей семьёй. Очень красивое место. Чего стоит только Японский сад! По нему можно гулять бесконечно. Медицинский центр - территория отдыха и SPA. Здесь научат расслабляться и отключаться от проблем и работы. Очень понравилось грязелечение (пелоидотерапия). Просто лежишь и отдыхаешь... Ресторан Azurr. Еды очень много и на разный вкус. Очень вкусные десерты. Есть даже отдельные столы по здоровому питанию. Детский парк аттракционов Дримвуд. Лучшее место для детей!!! Очень доброжелательные и позитивные сотрудники. Также в отеле предусмотрены мастер-классы для детей различного возраста. Хочется выделить сотрудника анимации Илью, который всегда и с радостью консультировал нас по проводимым на территории отеля мероприятиям и присылал расписание на каждый день. Спасибо всему персоналу. Вы научили меня ходить с улыбкой целый день )))). Тип поездки Отпуск С группой С семьей Номера: 5 Сервис: 5 Местоположение: 5"
Катерина Супрович,4,1585025369.208916,"Большой отель с разнообразной инфраструктурой и очень красивой  и ухоженной территорией. Персонал отеля приветливый и доброжелательный. Мы жили на первом этаже с видом на ""Парк"", по факту вид на стройку, но я прекрасно понимаю, что это издержки производства и никуда от этого не деться, ну и мы были всего одну ночь, поэтому сильно заморачиваться не стали. Но в туалете конкретно воняло канализацией. Это минус. СПА оставляет желать лучшего...Бани холодные, в Хаммаме не понятно, как вообще люди лежат. На вопрос сотруднику ""почему холодные бани"" получен ответ ""они больше не греют, люди сломали"". Такие цены за проживание, но починить бани денег нет. Персонал в СПА тоже не очень ""теплый"")) Крытый бассейн не греется, теплая только его маааленькая часть, находящаяся на нижнем уровне, которую, если не знаешь, куда идти, в жизни не найдешь. Шведка разнообразная, даже очень. Однако я была там в пост, и ожидала, что отдельно будет вынесено постное меню, но нет. Но отдельно представлено меню ""Детокс"", что удобно для тех, кто на диете) К счастью, почти на всех блюдах есть расшифровка, из чего оно сделано, что меня и спасло. Странно только то, что не было никакого растительного молока. Даже если не брать в расчет тех, кто поститься, есть множество людей с непереносимостью лактозы и другими ""молочными"" проблемами. Почему для них нельзя закупить соевое молоко? В целом,  как часто бывает,  красивая картинка отвлекает от внутренних недостатков отеля и ты быстро забываешь про неприятные запахи или полотенца с пятнами в твоем номере, особенно, если ты там практически не находишься. Тепло, светло, вкусно, красиво. Но это не стопроцентно превосходный отель, в котором не к чему придраться. И все же, спасибо за отдых."
Александр Гаганов,5,1616561369.208916,"Местечко стоящее!!! Цены-безумные. Замечательная ухоженная территория, неплохой внутренний интерьер. Очень отзывчивый и дружелюбный персонал. Питание отличное и разнообразное. С утра шампусик подают, на обед и ужин-винчик красненький и беленький, но по 1 порции в ручонки. Уборка в номере оставляет желать лучшего, возможно качество уборки зависит от профессионализма персонала. Пляж ухоженный, лежаки и зонтики всегда есть свободные. Полотенца попадаются грязные, видимо не успевают грязные за ночь отстирывать. Вода в море изумительная, если накануне из гостиницы не сбросили канализацию по трубе в море. В этом случае коричневое каналиционное пятно полдня расходится и вода некупательный видосик имеет. Резюме: приезжайте и балдейте в довольно!!!"
Анна Моисеева,5,1648097369.208916,"Место, в которое хочется вернуться! Все замечательно! И место красивейшее, и отель на высшем уровне! И персонал! Были в декабре, но это не помешало великолепно отдохнуть! Есть все - медицинский центр, фитнес, спа, сауны, хамам, экскурсии в горы, велосипедные прогулки. Отдельно хочется поблагодарить команду аниматоров - Владислава, Константина, Клима, Ольгу и девушку, которая работала с ними (к сожалению забыли ее имя). Ребенок был все время занят, с удовольствием бежал к ребятам! Каждый день новые мастер классы, прогулки, вечерние дискотеки для детей. Ребята развлекали не только детей, но и взрослых. Мини игры, покер, мафия, валейбл, баскетбол, футбол, настольный теннис, аквааэробика. Каждый вечер шоу-программы. Ночной клуб это отдельная тема) Бармен Олег - мастер своего дела! Коктейли просто сказка! Обязательно приедем летом!"
Елена Дмитренко,5,1585025369.208916,"Я, Елена и моя дочь Ангелина, мы с о. Сахалина. 31 мая 2019 г. приехали в Мрия. Путь у нас был очень долгим, два самолета, троллейбусы, автобусы конечно очень устали,   просто валились с ног, и когда мы приехали в отель, и только зашли на КПП к нам тут же подошел  сотрудник отеля, взял у нас чемодан, предложили пройти в автобус, чтобы довезти до главного входа в  корпус, подъехав к центральному входу отеля, нас проводили на рецепшен, предложили присесть, у дочери на ноге была небольшая царапина, подошел молодой человек, предложил пройти в мед.центр для оказания медицинской помощи, огромное спасибо за чуткое внимание персонала к гостям! Буквально через 15 минут мы были уже в номере, хоть и приехали на час раньше. Нас очень приятно удивило приветливое внимание к каждому гостю. На территории отеля, имеется потрясающий парк ДримВуд с бесплатным использованием аттракционов, красивый японский сад, в пруду плавают разноцветные карпы, глаз не оторвать, минерализованная купель с подогревом, отличный пляж,  Алтайская баня на берегу моря, косметический салон, в отеле множество развлечений,  библиотека, боулинг, игровая комната для детей, уютный домашний кинотеатр, танцующие фонтан, отличные музыканты, приятно послушать живую музыку, трех разовое питание с многообразным выбором блюд, и многое другое. Спасибо большое инструктору ЛФК Владимиру Шалвовичу, всегда с гостями пошутит, не скупился на добрые слова и улыбку, организовывал пешие прогулки по достопримечательностям Крыма. Выражаем благодарность всему коллективу отеля, за гостеприимство, очень приятно получить презент от отеля в свой день рождения. Желаем МРИЯ процветания, успехов и отличного Курортного сезона!!! До новых встреч! Номера: 5 Сервис: 5 Местоположение: 5"
Киселева Ольга,4,1648097369.208916,"Совершенно невообразимая цена на позиции винной карты. Уборка не всегда вовремя, иногда приходилось обращаться в службу по взаимодействию с гостями. За весь срок пребывания, так и не смогли нормально закрепить плотные шторы, хотя дважды пыталась объяснить суть проблемы (закрывались неплотно, в глаза  и ночью, и, особенно, утром бил свет). Очень громко, на весь отель, работает команда анимации - занимается 5-10 человек - весь! отель должен это слушать. НО!! прекрасная, ухоженная, красивая территория, доброжелательный отзывчивый персонал, исключительная широта перечня предоставляемых услуг, в целом, очень высокий (для нашей любимой Родины) уровень сервиса. Цена завышена. Откроют Европу - за такие деньги уже и не поедем. Хотя, будет жаль!"
Татьяна Устинова,5,1648097369.208916,"Отдыхали с 25 апреля по 5 мая 2021 г. Замечательный отель ,обслуживание . Ресторан -чудо ,есть всё и детский стол и детокс,десерты бомбические ,украшения блюд фантастика ,как фотозону использовать можно))) Большое впечатление от развлекух и аниматоров.Большое впечатление произвел Илья ,когда он проводит игры происходит настоящее шоу ,забываешь о времени и хочется только зажигать. Игры в воде это вообще самое увлекательное,командный дух .Вообщем отрыв мыслей от всего . Детям конечно понравился Дримвуд ,ждём новых аттракционов к следующему отдыху,аниматоры молодцы, с таким количеством деток играют и даже можно оставить на некоторое время и пойти тоже поиграть  Нам понравилось.Приедем ещё и будем рекомендовать друзьям и близким . С группой С семьей Номера: 5 Сервис: 5 Местоположение: 5"
Iuliia Pozdnyak,3,1585025369.208916,"Номера не проверяются перед заселение ( не рабочий кондиционер в комнате, чинили каждый день)!!!! Квалификация технического персонала на очень низком уровне, так и не сумели решить проблему!!Да и работа кондиционера настроена так, что при проветривании он отключается, невозможно сделать комфортные условия воздухообмена и тепла!!! А заклееные скотчем окна, потому что ветрено - это вишенка на троне для 5* отеля!!!Протекает сантехника в душевой, битые пиксели на ТВ, сломанная детская кроватка (как можно это все не проверять и не поддерживать в должном состоянии работниками 5* отеля!!!!).Номер категории "" Семейный люкс"" абсолютно не предназначен для отдыха с детьми, да и в целом семьи!!! Объясняю: на сайте мрии при бронировании не указано, что отсутствует ванна и этого не видно на предложенных фото! а купать грудного ребенка в ванночке в душевой не удобно, слить воду после купания невозможно не залив все помещение за стеклянной стеной! Далее, наличие душевой за стеклянной перегородкой - это не решение для семейного номера! члены семьи могут принимать душ и ложиться отдыхать в разное время, номер сам двухкомнатный, рассчитан на семью, а возможности не мешаю друг другу принять душ не имеется!!! В туалетах нет вытяжки!!! Двери закрываются везде не плотно, семье счастливого отдыха! В спальне отсутствует потолочное освещение, только приглушенный свет ночник, а если номер подразумевает нахождение в нем 4 взрослых, то это неприемлемо ( опять же, у всех разный режим дня)! Теперь детский клуб: отсутствует подогрев пола, а он холодный, дети в носках; возле лабиринта очень дует из окна! Аниматоры не плохо работают с маленькими детьми 2-4 лет! Территория не предназначена для прогулок с колясками и инвалидов! Отсутствие пандусов и маршрутов для прогулок! Один путь к морю с достаточно крутыми списками и подъемами! Территория спланировано только для пеших прогулок! А у вас 5*!!! Благодарность только вашим поварам!!! Очень вкусно и разнообразно!!! Как для взрослых, так и для детей!!!"
Екатерина Кобелецкая,4,1521866969.208916,"Красивая обстановка, приятно встречают и провожают. Было бы неплохо провести маленькую экскурсию по отелю и немного рассказать где что. В номере ни разу за 3 дня нам не поменяли полотенца. Дверца в ванную комнату не закрывалась плотно и все заливалось водой. Да, и еще не очень комфортно продумана планировка ванной комнаты, все дверцы полу прозрачные и санузел будто за шторкой. Попали на детское мероприятие, где ужасно громкая музыка и еще перекрикивают аниматоры. Для детей это слишком громко. Приятный был сюрприз поздравления с днем рождения. Нам принесли в номер тортик и шампанское. Питание прекрасное, большой выбор и все вкусно. Ждали от отдыха в 5 звезд немного больше, не все так как должно быть."
Жорж Милославский,4,1648097369.208916,"Мне очень понравился отель и отдых, однако, чувствую себя обманутым. Тут очень тонкое чувство и надеюсь, вы поймёте. Вот человек приходит, например, купить часы. Если у него есть деньги, он хочет выделиться, подчеркнуть статус он, возможно, купит что то типа ролекс. Вот он их купил, допустим, за 1 млн, выходит радостный из магазина(а магазин был крутой, его там и шампанским напоили и тп) выходит он значит из магазина на улицу, а тут все в ролексах: и дворники, и бухгалтеры, и сторожи, и все все все и купили они их за 5 тр. И тут у него такое же чувство как у меня после посещения завтрака в отеле. Я даже расстроился. Думали с женой заказывать рум сервис, что бы только на завтрак не ходить. Вокруг атмосфера дома отдыха ""Турист""."
Евгений Еськин,5,1616561369.208916,"Хорошее место для отдыха. Мы были в декабре. Есть минусы которые доставляли неудобства: плохое освещение номера (очень мало света); двери балкона не герметичны, стоило немного ""подъняться"" ветру, они сразу начинали свистеть и тем самым номер очень быстро выстужался,приходилось постоянно включать кондиционер из-за этого воздух был очень сухой. Немного растроило то, что некоторые развлечения из-за сложившейся обстановки не работали, но это не вина отеля. В целом все было хорошо. Вежливый и отзывчивый персонал. Питание отличное. Территория вокруг отеля огромная, ухоженная. Есть детский парк ""Дримвуд"". В медицинском центре можно поправить здоровье или просто расслабиться в SPA-центре. Можно заказать экскурсии вне отеля. Развлечение себе найдет ребенок и взрослый. Ребенка можно оставить опытным аниматорам практически на весь день и пойти отдыхать самому. Про взрослых, аниматоры тоже не забывают, собирали по вечерам для игр в покер и мафию, также проводили различные увесилительные мероприятия в ночном клубе. Хотелось бы отдельно отметить Яковлева Даню, который бомбически проводил ""Мафию"". Всегда знает как заитересовать взрослых, веселый и энергичный чувак)). Теперь необходимо вернуться туда летом. Тип поездки Отпуск Номера: 4 Сервис: 5 Местоположение: 5"
Дарья Азарова,5,1648097369.208916,"Отдыхала с 21 ноября по 2 декабря с мамой и сестрой, ставлю 100000 из 10 этому месту, тут превосходно все, от ландшафта и архитектуры до питания и процедур, очень приветливый персонал. Отдельно хотелось бы отметить вечерние мероприятия, проводимые Ильей и Владом, ребята просто сделали наш отдых! Было всегда весело и интересно, атмосфера и их подход к организации мероприятий подкупил. Тип поездки Отпуск Номера: 5 Сервис: 5 Местоположение: 5"
Оксана Т,5,1616561369.208916,"Отдыхала в отеле с двумя маленькими детьми, все очень здорово, все для людей,как говорится. Персонал обученный, доброжелательный, не смотря на то,что мой ребенок разбил чашку в ресторане, никто даже взглядом не осудил, подошли, улыбнулись, все спокойно убрали. Однажды вечером,накупавшись в бассейне, дети проголодались и немного замерзли.Время было позднее, но ресторан еще работал.Я хотела, чтобы мои мальчишки попили вкуснейшее какао. Но нас не пустили,т.к мы были в халатиках, что и понятно. При этом милая девушка предложила нам минутку подождать и принесла нам два закрытых стаканчика с нашим любимым какао, это было безумно приятно! Мы счастливые отправились к себе в номер! Вот это сервис! Молодцы! Всему обслуживающему персоналу ОГРОМНОЕ СПАСИБО!!!!"
Max Bachmanoff,5,1553402969.208916,"Красивый отель в Крыму. Большой номерной фонд. Все продумано до мелочей. К уборке относятся настолько щепетильно, что иногда кажется, что перебарщивают. Обслуживание в основном ресторане идеальное. В остальных ресторанах были не везде, но зато успели оценить кальянную – там круто, очень советую! Несмотря на то, что уже не сезон, народу было достаточно. В общем, это тот самый случай, когда реальность превзошла ожидания!"
Ника Булатова,5,1553402969.208916,"Хочу поделиться отзывом и впечатлением о отеле Мрия. Приехали мы на один день, 7.03.19г но как оказалось, это очень мало. Первое впечатление было отличное, нас заселили раньше времени на 1 час, мы не ожидали и не маялись. Обед отличный, шикарный выбор блюд, можно и кто питается здоровым питанием пообедать и поужинать, и детям. Фрукты, салаты, морепродукты, мясо всего много и качественно приготовлено. Банный комплекс большой и места хватает всем, зона отдыха предусмотрена, бассейн большой. Также впечатление теплого бассейна. И купелей в японском саду. Для детей анимация, карусели, горки. Вообщем впечатлились мы, обязательно приедем на более долгий срок. И всем советуем, организация работы отеля на высшем уровне!!!!!!! Кто побывает в Мрии , тот поймет , что Крым тоже имеет уровень отдыха!!!"
Ольга Шульженко,5,1585025369.208916,"Уже три недели нахожусь под впечатлением от отеля!!! Незабываемо!!! Персонал очень вымуштрован! Каждый работник обязательно поприветствует и улыбнётся. Кстати, только садовников там 200 человек!!! Территория огромная, ухоженная. Отдельный респект японскому саду «Шесть чувств»! Он великолепен!!! Для фотосессий просто шикарное место! В октябре в бассейне вода +27. А в термальных купальнях и вовсе 38. Питание до отвала! И мидии, и креветки, и кальмары. Турция отдыхает. Всем друзьям уже порекомендовала побывать здесь."
вероника бибикина,5,1585025369.208916,"Это лучшее место для отдыха в Крыму, которое я знаю. Здесь вы окажетесь заграницей в отличном пятизвездночном отеле. Сервис на высоте. Сам по себе отель наполнен всевозможными развлечениями, которые позволяют не выбираться за его территорию. Самодостаточен. Японский сад с его купелями и тёплый бассейн с морской водой позволит купаться круглый год. Постоянно появляются новые развлечения. Есть медицинский центр. Аниматоры круглый год. А ещё- есть потрясающий рояль, который играет без пианиста. Можно приехать на отдых в выходные дни или просто устроить романтическую поездку. Здесь все идеально!"
Vadim Vadik,5,1585025369.208916,"Очень все классно, но не на 5 звезд. Сервис в номерах не очень, чистота в отеле тоже оставляет желать лучшего. Этот отель заслуживает твёрдую четвёрку!!! Плюсов много, 1. Японский сад . 2. Чайная церемония (очень советую посетить) 3. Детский парк Дримвуд (если Вы с детьми) 4. Спа великолепен (цены чуть выше среднего) например любое обёртывание или масаж с каким нибудь туземным маслом начинается от 6тр это за часовую программу. 5. Мед центр : очень много разных программ . 6. Горячие источники (вечером людей не много) 7. Консьерж очень адекватный и максимально быстро решают почти любую трудность кроме порядка (например мы жили в номере 2521 12 дней и я так и не смог разгадать логику уборщиц в номере всегда что то не убирали или не оставляли воду или еще что нибудь забывали это реально напрягало ) 8. Номера очень тихие и даже молодожёны из соседнего номера не смогли доставить дискомфорта как только не старались практически ничего слышно небыло. ,,, Фишка отеля это отдых с детьми обычно в санаторий с детьми не берут тут сделано все для полноценного отдыха : детские площадки где можно оставить ребенка бесплатно!!! Армия педиатров на всякий случай, и детский оздоровительный комплекс . Всем спасибо кто дочитал до конца :-)"
В. Г.,1,1719204569.208916,"Возле отеля и в самом отеле много бородатых военных, о которых администрация перед броней номера ничегор не говорит. Отдыхай и жди прилёта ракеты. Супер!!! Чеченцы пристают к девушкам на ресепшине и у бассейнов. Номера: 1 Сервис: 1 Местоположение: 1"
Ден Ден,4,1648097369.208916,"Бесспорно очень красиво. Но, цена не оправданно высокая. В 3 раза дешевле отдохнешь в Турции, в олинклюзив. И будет включено все! Здесь же, бокал шампанского с утра и бокал вина вечером, остальное платно!!! Мороженое от 150 до 500. Пиво 450. Бутерброд 400, кило клубники 5000 и пошло- поехало. Курорт для невыездных заворовавшихся чиновников, но никак ни для простых нормальных людей! Будьте осторожны, поберегите свои деньги."
Алевтина Илларионова,5,1553402969.208916,"Рекомендую всем! Особенно с детьми всё легко и просто! Всё, что вы пожелаете- всё предоставят, даже с грудничками всё удобно. Всегда есть чем заняться, всё интересно, питание на любой вкус, особенное детское меню. На море идешь, любуешься красотой! С моря на эскалаторе- это очень удобно! Ребёнку понравился веревочный парк, просит ещё раз поехать в Мрию. В номере всегда была вода, чай, конфеты каждый вечер приносили. Кровать- просто сказка, чудо-матрац удобный, засыпаешь на Ура! Мы с супругом даже ни разу не поругались))))) Всегда было отличное настроение! Я переживала про питание, думала, как вечером без еды? Скажу честно- наедались. И ещё можно в ресторане купить бокс (500руб) и набрать с собой в номер какой хочешь еды, сколько поместится. С собой надо брать только одежду и утюжок д/волос , остальное всё есть в номере: фен, расческа, зуб.паста и зуб.щётка, станок, шампунь, мыло, бальзам д/волос, пилочка, мочалка. Для отдыха много бесплатных услуг- хамам, фитнес, бассейн, кинозал, рисование, ночной клуб с караоке, детская комната с аниматорами, для детей коляски, стульчики, кроватки. На территории приятно гулять, кормишь белок, любуешься красивым озеленением. Очень благодарна лор-врачу, назначила сыну правильное лечение и профилактику лор-органов и мы практически перестали болеть, а раньше я с больничных не вылазила. Ещё важный момент- алкоголь очень дорогой, берите с собой) Моей семье понравилось очень, очень, очень!!!"
